TimeStamp, CellandDirection, BSSID, SSID, Strength
1520602439955,C20D3,50:0f:80:fd:7f:52,tudelft-dastud, -64
1520602439955,C20D3,38:90:a5:9d:1b:31,TUvisitor, -77
1520602439955,C20D3,38:90:a5:8f:e7:d1,TUvisitor, -64
1520602439955,C20D3,38:90:a5:8f:e7:02,tudelft-dastud, -77
1520602439955,C20D3,38:90:a5:9d:0f:30,eduroam, -58
1520602439955,C20D3,38:90:a5:8f:e7:0e,TUvisitor, -85
1520602439955,C20D3,38:90:a5:8f:e7:0f,eduroam, -85
1520602439955,C20D3,50:0f:80:fd:7f:5d,tudelft-dastud, -63
1520602439955,C20D3,38:90:a5:8f:e7:df,eduroam, -80
1520602439955,C20D3,50:0f:80:fd:7f:50,eduroam, -64
1520602439955,C20D3,50:0f:80:e3:79:6d,tudelft-dastud, -83
1520602439955,C20D3,50:0f:80:e3:79:6f,eduroam, -84
1520602439955,C20D3,38:90:a5:91:74:1d,tudelft-dastud, -87
1520602439955,C20D3,50:0f:80:fd:7f:5e,TUvisitor, -64
1520602439955,C20D3,e0:3f:49:09:d9:9c,TRIBLER, -93
1520602439955,C20D3,38:90:a5:9d:0f:31,TUvisitor, -58
1520602439955,C20D3,50:0f:80:fd:7f:5f,eduroam, -63
1520602439955,C20D3,50:0f:80:fd:7f:51,TUvisitor, -64
1520602439955,C20D3,38:90:a5:9d:0f:32,tudelft-dastud, -57
1520602439955,C20D3,38:90:a5:8c:44:12,tudelft-dastud, -76
1520602439955,C20D3,38:90:a5:9d:0f:3d,tudelft-dastud, -52
1520602439955,C20D3,50:0f:80:e3:79:60,eduroam, -71
1520602439955,C20D3,50:0f:80:d8:f4:2e,TUvisitor, -81
1520602439955,C20D3,50:0f:80:d8:f4:2f,eduroam, -80
1520602439955,C20D3,38:90:a5:8f:e7:dd,tudelft-dastud, -81
1520602439955,C20D3,50:0f:80:e3:74:2f,eduroam, -72
1520602439955,C20D3,38:90:a5:8c:44:11,TUvisitor, -76
1520602439955,C20D3,38:90:a5:8f:e7:de,TUvisitor, -81
1520602439955,C20D3,38:90:a5:8f:e7:d2,tudelft-dastud, -63
1520602439955,C20D3,38:90:a5:9d:0f:3f,eduroam, -52
1520602439955,C20D3,38:90:a5:8f:e7:01,TUvisitor, -77
1520602439955,C20D3,50:0f:80:e3:74:2d,tudelft-dastud, -72
1520602439955,C20D3,38:90:a5:91:74:1e,TUvisitor, -88
1520602439955,C20D3,38:90:a5:9d:0f:3e,TUvisitor, -52
1520602439955,C20D3,50:0f:80:e3:74:2e,TUvisitor, -73
1520602439955,C20D3,50:0f:80:e3:79:6e,TUvisitor, -83
1520602439955,C20D3,50:0f:80:d8:f4:2d,tudelft-dastud, -80
1520602439955,C20D3,50:0f:80:e3:79:61,TUvisitor, -71
1520602439955,C20D3,38:90:a5:8f:e7:d0,eduroam, -64
1520602439955,C20D3,38:90:a5:37:40:81,TUvisitor, -78
1520602439955,C20D3,38:90:a5:9d:1b:32,tudelft-dastud, -78
1520602439955,C20D3,38:90:a5:8f:e7:0d,tudelft-dastud, -84
1520602424950,C20D3,50:0f:80:fd:7f:52,tudelft-dastud, -62
1520602424950,C20D3,38:90:a5:8f:e7:d1,TUvisitor, -64
1520602424950,C20D3,38:90:a5:9d:0f:30,eduroam, -57
1520602424950,C20D3,38:90:a5:8f:e7:0e,TUvisitor, -87
1520602424950,C20D3,38:90:a5:8f:e7:0f,eduroam, -86
1520602424950,C20D3,50:0f:80:fd:7f:5d,tudelft-dastud, -62
1520602424950,C20D3,50:0f:80:fd:7f:50,eduroam, -62
1520602424950,C20D3,50:0f:80:e3:79:62,tudelft-dastud, -70
1520602424950,C20D3,50:0f:80:e3:79:6d,tudelft-dastud, -81
1520602424950,C20D3,50:0f:80:e3:79:6f,eduroam, -82
1520602424950,C20D3,50:0f:80:fd:7f:5e,TUvisitor, -63
1520602424950,C20D3,38:90:a5:9d:0f:31,TUvisitor, -56
1520602424950,C20D3,50:0f:80:fd:7f:5f,eduroam, -62
1520602424950,C20D3,50:0f:80:fd:7f:51,TUvisitor, -62
1520602424950,C20D3,38:90:a5:9d:0f:32,tudelft-dastud, -56
1520602424950,C20D3,38:90:a5:9d:0f:3d,tudelft-dastud, -55
1520602424950,C20D3,50:0f:80:d8:f4:2e,TUvisitor, -79
1520602424950,C20D3,50:0f:80:d8:f4:2f,eduroam, -79
1520602424950,C20D3,38:90:a5:8f:e7:dd,tudelft-dastud, -81
1520602424950,C20D3,50:0f:80:e3:74:2f,eduroam, -70
1520602424950,C20D3,38:90:a5:8f:e7:00,eduroam, -75
1520602424950,C20D3,38:90:a5:8f:e7:de,TUvisitor, -82
1520602424950,C20D3,38:90:a5:8f:e7:d2,tudelft-dastud, -66
1520602424950,C20D3,38:90:a5:9d:0f:3f,eduroam, -54
1520602424950,C20D3,50:0f:80:e3:74:2d,tudelft-dastud, -70
1520602424950,C20D3,38:90:a5:91:74:1e,TUvisitor, -86
1520602424950,C20D3,38:90:a5:9d:0f:3e,TUvisitor, -55
1520602424950,C20D3,50:0f:80:e3:74:2e,TUvisitor, -71
1520602424950,C20D3,50:0f:80:e3:79:6e,TUvisitor, -83
1520602424950,C20D3,e0:3f:49:09:d9:98,TRIBLER, -85
1520602424950,C20D3,38:90:a5:91:74:12,tudelft-dastud, -79
1520602424950,C20D3,50:0f:80:d8:f4:2d,tudelft-dastud, -79
1520602424950,C20D3,50:0f:80:e3:79:61,TUvisitor, -71
1520602424950,C20D3,38:90:a5:91:74:11,TUvisitor, -79
1520602424950,C20D3,38:90:a5:8f:e7:d0,eduroam, -64
1520602424950,C20D3,38:90:a5:37:40:81,TUvisitor, -76
1520602424950,C20D3,38:90:a5:8f:e7:0d,tudelft-dastud, -86
1520602434951,C20D3,50:0f:80:fd:7f:52,tudelft-dastud, -62
1520602434951,C20D3,38:90:a5:9d:1b:31,TUvisitor, -76
1520602434951,C20D3,38:90:a5:8f:e7:02,tudelft-dastud, -77
1520602434951,C20D3,38:90:a5:8f:e7:dd,tudelft-dastud, -82
1520602434951,C20D3,50:0f:80:c4:5f:6e,TUvisitor, -92
1520602434951,C20D3,50:0f:80:e3:74:2f,eduroam, -72
1520602434951,C20D3,38:90:a5:9d:0f:30,eduroam, -57
1520602434951,C20D3,38:90:a5:8f:e7:0e,TUvisitor, -87
1520602434951,C20D3,38:90:a5:37:40:8f,eduroam, -90
1520602434951,C20D3,38:90:a5:8f:e7:0f,eduroam, -88
1520602434951,C20D3,50:0f:80:fd:7f:5d,tudelft-dastud, -62
1520602434951,C20D3,38:90:a5:8f:e7:df,eduroam, -82
1520602434951,C20D3,38:90:a5:9d:0f:3f,eduroam, -53
1520602434951,C20D3,50:0f:80:fd:7f:50,eduroam, -62
1520602434951,C20D3,50:0f:80:e3:79:62,tudelft-dastud, -71
1520602434951,C20D3,50:0f:80:e3:79:6d,tudelft-dastud, -81
1520602434951,C20D3,50:0f:80:e3:74:2d,tudelft-dastud, -72
1520602434951,C20D3,50:0f:80:e3:79:6f,eduroam, -81
1520602434951,C20D3,38:90:a5:91:74:1e,TUvisitor, -87
1520602434951,C20D3,50:0f:80:fd:7f:5e,TUvisitor, -63
1520602434951,C20D3,38:90:a5:9d:0f:3e,TUvisitor, -54
1520602434951,C20D3,38:90:a5:9d:0f:31,TUvisitor, -58
1520602434951,C20D3,50:0f:80:fd:7f:5f,eduroam, -63
1520602434951,C20D3,50:0f:80:fd:7f:51,TUvisitor, -62
1520602434951,C20D3,50:0f:80:e3:74:2e,TUvisitor, -72
1520602434951,C20D3,50:0f:80:e3:79:6e,TUvisitor, -82
1520602434951,C20D3,38:90:a5:9d:0f:32,tudelft-dastud, -56
1520602434951,C20D3,50:0f:80:d8:f4:2d,tudelft-dastud, -79
1520602434951,C20D3,38:90:a5:9d:1b:30,eduroam, -77
1520602434951,C20D3,38:90:a5:91:74:11,TUvisitor, -78
1520602434951,C20D3,38:90:a5:9d:0f:3d,tudelft-dastud, -52
1520602434951,C20D3,50:0f:80:d8:f4:2e,TUvisitor, -80
1520602434951,C20D3,50:0f:80:c4:5f:6f,eduroam, -91
1520602434951,C20D3,50:0f:80:d8:f4:2f,eduroam, -78
1520602434951,C20D3,38:90:a5:8f:e7:0d,tudelft-dastud, -87
1520602464951,C20D3,50:0f:80:fd:7f:52,tudelft-dastud, -62
1520602464951,C20D3,38:90:a5:91:74:1f,eduroam, -86
1520602464951,C20D3,38:90:a5:8f:e7:d1,TUvisitor, -62
1520602464951,C20D3,38:90:a5:9d:0f:30,eduroam, -56
1520602464951,C20D3,38:90:a5:8f:e7:0e,TUvisitor, -86
1520602464951,C20D3,38:90:a5:8f:e7:0f,eduroam, -84
1520602464951,C20D3,50:0f:80:fd:7f:5d,tudelft-dastud, -65
1520602464951,C20D3,50:0f:80:fd:7f:50,eduroam, -62
1520602464951,C20D3,50:0f:80:e3:79:6d,tudelft-dastud, -84
1520602464951,C20D3,50:0f:80:e3:79:6f,eduroam, -83
1520602464951,C20D3,50:0f:80:fd:7f:5e,TUvisitor, -65
1520602464951,C20D3,38:90:a5:9d:0f:31,TUvisitor, -60
1520602464951,C20D3,50:0f:80:fd:7f:5f,eduroam, -64
1520602464951,C20D3,50:0f:80:fd:7f:51,TUvisitor, -61
1520602464951,C20D3,38:90:a5:9d:0f:32,tudelft-dastud, -56
1520602464951,C20D3,38:90:a5:37:40:82,tudelft-dastud, -79
1520602464951,C20D3,38:90:a5:9d:0f:3d,tudelft-dastud, -53
1520602464951,C20D3,50:0f:80:d8:f4:2e,TUvisitor, -79
1520602464951,C20D3,50:0f:80:d8:f4:2f,eduroam, -79
1520602464951,C20D3,50:0f:80:e3:74:21,TUvisitor, -77
1520602464951,C20D3,38:90:a5:8f:e7:dd,tudelft-dastud, -78
1520602464951,C20D3,50:0f:80:e3:74:2f,eduroam, -71
1520602464951,C20D3,38:90:a5:91:74:10,eduroam, -78
1520602464951,C20D3,38:90:a5:8f:e7:de,TUvisitor, -79
1520602464951,C20D3,38:90:a5:8f:e7:d2,tudelft-dastud, -62
1520602464951,C20D3,38:90:a5:9d:0f:3f,eduroam, -53
1520602464951,C20D3,50:0f:80:d8:f4:21,TUvisitor, -76
1520602464951,C20D3,50:0f:80:e3:74:2d,tudelft-dastud, -71
1520602464951,C20D3,38:90:a5:9d:0f:3e,TUvisitor, -53
1520602464951,C20D3,50:0f:80:e3:74:2e,TUvisitor, -71
1520602464951,C20D3,50:0f:80:e3:79:6e,TUvisitor, -83
1520602464951,C20D3,38:90:a5:91:74:12,tudelft-dastud, -78
1520602464951,C20D3,50:0f:80:d8:f4:2d,tudelft-dastud, -79
1520602464951,C20D3,50:0f:80:e3:79:61,TUvisitor, -71
1520602464951,C20D3,38:90:a5:8f:e7:d0,eduroam, -62
1520602464951,C20D3,38:90:a5:8f:e7:0d,tudelft-dastud, -86
1520602454953,C20D3,50:0f:80:fd:7f:52,tudelft-dastud, -63
1520602454953,C20D3,38:90:a5:8f:e7:d1,TUvisitor, -63
1520602454953,C20D3,38:90:a5:9d:0f:30,eduroam, -58
1520602454953,C20D3,38:90:a5:8f:e7:0e,TUvisitor, -87
1520602454953,C20D3,38:90:a5:8f:e7:0f,eduroam, -85
1520602454953,C20D3,50:0f:80:fd:7f:5d,tudelft-dastud, -65
1520602454953,C20D3,50:0f:80:fd:7f:50,eduroam, -62
1520602454953,C20D3,50:0f:80:e3:79:6d,tudelft-dastud, -84
1520602454953,C20D3,50:0f:80:e3:79:6f,eduroam, -82
1520602454953,C20D3,38:90:a5:91:74:1d,tudelft-dastud, -88
1520602454953,C20D3,50:0f:80:fd:7f:5e,TUvisitor, -64
1520602454953,C20D3,38:90:a5:9d:0f:31,TUvisitor, -58
1520602454953,C20D3,50:0f:80:fd:7f:5f,eduroam, -65
1520602454953,C20D3,50:0f:80:fd:7f:51,TUvisitor, -63
1520602454953,C20D3,38:90:a5:9d:0f:32,tudelft-dastud, -58
1520602454953,C20D3,38:90:a5:9d:0f:3d,tudelft-dastud, -54
1520602454953,C20D3,50:0f:80:e3:79:60,eduroam, -71
1520602454953,C20D3,50:0f:80:d8:f4:2e,TUvisitor, -79
1520602454953,C20D3,50:0f:80:d8:f4:2f,eduroam, -78
1520602454953,C20D3,50:0f:80:e3:74:21,TUvisitor, -77
1520602454953,C20D3,38:90:a5:8f:e7:dd,tudelft-dastud, -80
1520602454953,C20D3,50:0f:80:e3:74:2f,eduroam, -74
1520602454953,C20D3,38:90:a5:8f:e7:00,eduroam, -78
1520602454953,C20D3,38:90:a5:91:74:10,eduroam, -78
1520602454953,C20D3,38:90:a5:8f:e7:de,TUvisitor, -81
1520602454953,C20D3,38:90:a5:8f:e7:d2,tudelft-dastud, -63
1520602454953,C20D3,38:90:a5:9d:0f:3f,eduroam, -52
1520602454953,C20D3,38:90:a5:8f:e7:01,TUvisitor, -77
1520602454953,C20D3,50:0f:80:d8:f4:21,TUvisitor, -77
1520602454953,C20D3,50:0f:80:e3:74:2d,tudelft-dastud, -73
1520602454953,C20D3,38:90:a5:91:74:1e,TUvisitor, -88
1520602454953,C20D3,38:90:a5:9d:0f:3e,TUvisitor, -52
1520602454953,C20D3,50:0f:80:e3:74:2e,TUvisitor, -73
1520602454953,C20D3,50:0f:80:e3:79:6e,TUvisitor, -83
1520602454953,C20D3,38:90:a5:91:74:12,tudelft-dastud, -79
1520602454953,C20D3,50:0f:80:d8:f4:2d,tudelft-dastud, -79
1520602454953,C20D3,50:0f:80:e3:79:61,TUvisitor, -71
1520602454953,C20D3,38:90:a5:8f:e7:d0,eduroam, -63
1520602454953,C20D3,38:90:a5:8f:e7:0d,tudelft-dastud, -86
1520602444952,C20D3,50:0f:80:fd:7f:52,tudelft-dastud, -67
1520602444952,C20D3,38:90:a5:91:74:1f,eduroam, -88
1520602444952,C20D3,38:90:a5:8f:e7:d1,TUvisitor, -72
1520602444952,C20D3,38:90:a5:8f:e7:dd,tudelft-dastud, -79
1520602444952,C20D3,50:0f:80:e3:74:2f,eduroam, -73
1520602444952,C20D3,38:90:a5:9d:0f:30,eduroam, -63
1520602444952,C20D3,38:90:a5:8f:e7:0e,TUvisitor, -86
1520602444952,C20D3,38:90:a5:8f:e7:0f,eduroam, -86
1520602444952,C20D3,38:90:a5:8f:e7:de,TUvisitor, -80
1520602444952,C20D3,50:0f:80:fd:7f:5d,tudelft-dastud, -64
1520602444952,C20D3,38:90:a5:8f:e7:df,eduroam, -79
1520602444952,C20D3,38:90:a5:8f:e7:d2,tudelft-dastud, -71
1520602444952,C20D3,38:90:a5:9d:0f:3f,eduroam, -52
1520602444952,C20D3,50:0f:80:fd:7f:50,eduroam, -67
1520602444952,C20D3,50:0f:80:e3:79:6d,tudelft-dastud, -83
1520602444952,C20D3,50:0f:80:d8:f4:21,TUvisitor, -79
1520602444952,C20D3,50:0f:80:e3:74:2d,tudelft-dastud, -72
1520602444952,C20D3,50:0f:80:e3:79:6f,eduroam, -82
1520602444952,C20D3,38:90:a5:91:74:1d,tudelft-dastud, -86
1520602444952,C20D3,50:0f:80:fd:7f:5e,TUvisitor, -64
1520602444952,C20D3,38:90:a5:9d:0f:3e,TUvisitor, -52
1520602444952,C20D3,38:90:a5:9d:0f:31,TUvisitor, -63
1520602444952,C20D3,50:0f:80:fd:7f:5f,eduroam, -64
1520602444952,C20D3,50:0f:80:fd:7f:51,TUvisitor, -66
1520602444952,C20D3,50:0f:80:e3:74:2e,TUvisitor, -73
1520602444952,C20D3,50:0f:80:e3:79:6e,TUvisitor, -91
1520602444952,C20D3,38:90:a5:9d:0f:32,tudelft-dastud, -65
1520602444952,C20D3,50:0f:80:d8:f4:2d,tudelft-dastud, -79
1520602444952,C20D3,50:0f:80:e3:79:61,TUvisitor, -74
1520602444952,C20D3,38:90:a5:9d:0f:3d,tudelft-dastud, -52
1520602444952,C20D3,38:90:a5:8f:e7:d0,eduroam, -71
1520602444952,C20D3,50:0f:80:d8:f4:2e,TUvisitor, -79
1520602444952,C20D3,50:0f:80:d8:f4:22,tudelft-dastud, -79
1520602444952,C20D3,50:0f:80:d8:f4:2f,eduroam, -80
1520602444952,C20D3,38:90:a5:8f:e7:0d,tudelft-dastud, -85
1520602419946,C20D3,50:0f:80:fd:7f:52,tudelft-dastud, -64
1520602419946,C20D3,38:90:a5:91:74:1f,eduroam, -87
1520602419946,C20D3,38:90:a5:9d:0f:30,eduroam, -63
1520602419946,C20D3,38:90:a5:8f:e7:0e,TUvisitor, -85
1520602419946,C20D3,38:90:a5:8f:e7:0f,eduroam, -84
1520602419946,C20D3,50:0f:80:fd:7f:5d,tudelft-dastud, -58
1520602419946,C20D3,38:90:a5:8f:e7:df,eduroam, -84
1520602419946,C20D3,50:0f:80:fd:7f:50,eduroam, -63
1520602419946,C20D3,50:0f:80:e3:79:6d,tudelft-dastud, -81
1520602419946,C20D3,50:0f:80:e3:79:6f,eduroam, -81
1520602419946,C20D3,38:90:a5:91:74:1d,tudelft-dastud, -87
1520602419946,C20D3,50:0f:80:fd:7f:5e,TUvisitor, -59
1520602419946,C20D3,38:90:a5:9d:0f:31,TUvisitor, -63
1520602419946,C20D3,50:0f:80:fd:7f:5f,eduroam, -61
1520602419946,C20D3,50:0f:80:fd:7f:51,TUvisitor, -63
1520602419946,C20D3,38:90:a5:9d:0f:32,tudelft-dastud, -63
1520602419946,C20D3,38:90:a5:91:7f:82,tudelft-dastud, -78
1520602419946,C20D3,38:90:a5:8c:44:12,tudelft-dastud, -77
1520602419946,C20D3,38:90:a5:9d:0f:3d,tudelft-dastud, -55
1520602419946,C20D3,38:90:a5:91:7f:81,TUvisitor, -79
1520602419946,C20D3,50:0f:80:e3:74:21,TUvisitor, -76
1520602419946,C20D3,38:90:a5:91:7f:8d,tudelft-dastud, -87
1520602419946,C20D3,38:90:a5:8f:e7:dd,tudelft-dastud, -83
1520602419946,C20D3,50:0f:80:e3:74:2f,eduroam, -71
1520602419946,C20D3,38:90:a5:37:40:8f,eduroam, -90
1520602419946,C20D3,38:90:a5:8f:e7:de,TUvisitor, -83
1520602419946,C20D3,38:90:a5:8f:e7:d2,tudelft-dastud, -70
1520602419946,C20D3,38:90:a5:9d:0f:3f,eduroam, -55
1520602419946,C20D3,50:0f:80:e3:74:2d,tudelft-dastud, -72
1520602419946,C20D3,38:90:a5:91:74:1e,TUvisitor, -89
1520602419946,C20D3,38:90:a5:9d:0f:3e,TUvisitor, -55
1520602419946,C20D3,50:0f:80:e3:74:2e,TUvisitor, -72
1520602419946,C20D3,50:0f:80:e3:79:6e,TUvisitor, -82
1520602419946,C20D3,38:90:a5:91:74:12,tudelft-dastud, -78
1520602419946,C20D3,38:90:a5:91:7f:8e,TUvisitor, -89
1520602419946,C20D3,38:90:a5:91:74:11,TUvisitor, -80
1520602419946,C20D3,38:90:a5:8f:e7:d0,eduroam, -68
1520602419946,C20D3,38:90:a5:8f:e7:0d,tudelft-dastud, -84
1520602449956,C20D3,50:0f:80:fd:7f:52,tudelft-dastud, -63
1520602449956,C20D3,38:90:a5:91:74:1f,eduroam, -85
1520602449956,C20D3,38:90:a5:8f:e7:d1,TUvisitor, -63
1520602449956,C20D3,38:90:a5:9d:0f:30,eduroam, -57
1520602449956,C20D3,50:0f:80:fd:7f:5d,tudelft-dastud, -64
1520602449956,C20D3,38:90:a5:8f:e7:df,eduroam, -79
1520602449956,C20D3,50:0f:80:fd:7f:50,eduroam, -66
1520602449956,C20D3,50:0f:80:e3:79:6d,tudelft-dastud, -83
1520602449956,C20D3,50:0f:80:e3:79:6f,eduroam, -84
1520602449956,C20D3,38:90:a5:91:74:1d,tudelft-dastud, -86
1520602449956,C20D3,50:0f:80:fd:7f:5e,TUvisitor, -65
1520602449956,C20D3,38:90:a5:9d:0f:31,TUvisitor, -58
1520602449956,C20D3,50:0f:80:fd:7f:5f,eduroam, -64
1520602449956,C20D3,50:0f:80:fd:7f:51,TUvisitor, -63
1520602449956,C20D3,38:90:a5:9d:0f:32,tudelft-dastud, -57
1520602449956,C20D3,38:90:a5:9d:0f:3d,tudelft-dastud, -54
1520602449956,C20D3,50:0f:80:d8:f4:2e,TUvisitor, -79
1520602449956,C20D3,50:0f:80:d8:f4:2f,eduroam, -79
1520602449956,C20D3,50:0f:80:e3:74:21,TUvisitor, -76
1520602449956,C20D3,38:90:a5:8f:e7:dd,tudelft-dastud, -79
1520602449956,C20D3,50:0f:80:e3:74:2f,eduroam, -72
1520602449956,C20D3,38:90:a5:91:74:10,eduroam, -78
1520602449956,C20D3,38:90:a5:8f:e7:de,TUvisitor, -81
1520602449956,C20D3,38:90:a5:8f:e7:d2,tudelft-dastud, -67
1520602449956,C20D3,38:90:a5:9d:0f:3f,eduroam, -52
1520602449956,C20D3,38:90:a5:8f:e7:01,TUvisitor, -78
1520602449956,C20D3,38:90:a5:8c:44:10,eduroam, -77
1520602449956,C20D3,50:0f:80:e3:74:2d,tudelft-dastud, -73
1520602449956,C20D3,38:90:a5:91:74:1e,TUvisitor, -85
1520602449956,C20D3,38:90:a5:9d:0f:3e,TUvisitor, -54
1520602449956,C20D3,50:0f:80:e3:74:2e,TUvisitor, -74
1520602449956,C20D3,50:0f:80:e3:79:6e,TUvisitor, -83
1520602449956,C20D3,38:90:a5:91:74:12,tudelft-dastud, -79
1520602449956,C20D3,50:0f:80:d8:f4:2d,tudelft-dastud, -79
1520602449956,C20D3,50:0f:80:e3:79:61,TUvisitor, -70
1520602449956,C20D3,38:90:a5:91:74:11,TUvisitor, -78
1520602449956,C20D3,38:90:a5:8f:e7:d0,eduroam, -63
1520602449956,C20D3,50:0f:80:d8:f4:22,tudelft-dastud, -76
1520602459951,C20D3,50:0f:80:c4:5f:6d,tudelft-dastud, -92
1520602459951,C20D3,38:90:a5:91:74:1f,eduroam, -88
1520602459951,C20D3,38:90:a5:8f:e7:d1,TUvisitor, -62
1520602459951,C20D3,38:90:a5:8f:e7:dd,tudelft-dastud, -78
1520602459951,C20D3,50:0f:80:e3:74:2f,eduroam, -72
1520602459951,C20D3,38:90:a5:9d:0f:30,eduroam, -63
1520602459951,C20D3,38:90:a5:8f:e7:0e,TUvisitor, -87
1520602459951,C20D3,38:90:a5:8c:44:11,TUvisitor, -76
1520602459951,C20D3,38:90:a5:8f:e7:0f,eduroam, -86
1520602459951,C20D3,38:90:a5:8f:e7:de,TUvisitor, -79
1520602459951,C20D3,50:0f:80:fd:7f:5d,tudelft-dastud, -64
1520602459951,C20D3,38:90:a5:8f:e7:d2,tudelft-dastud, -62
1520602459951,C20D3,38:90:a5:9d:0f:3f,eduroam, -53
1520602459951,C20D3,50:0f:80:e3:79:6d,tudelft-dastud, -82
1520602459951,C20D3,50:0f:80:e3:74:2d,tudelft-dastud, -72
1520602459951,C20D3,50:0f:80:e3:79:6f,eduroam, -82
1520602459951,C20D3,38:90:a5:91:74:1e,TUvisitor, -86
1520602459951,C20D3,38:90:a5:91:74:1d,tudelft-dastud, -86
1520602459951,C20D3,50:0f:80:fd:7f:5e,TUvisitor, -64
1520602459951,C20D3,38:90:a5:9d:0f:3e,TUvisitor, -53
1520602459951,C20D3,38:90:a5:9d:0f:31,TUvisitor, -63
1520602459951,C20D3,50:0f:80:fd:7f:5f,eduroam, -64
1520602459951,C20D3,50:0f:80:e3:74:2e,TUvisitor, -72
1520602459951,C20D3,50:0f:80:e3:79:6e,TUvisitor, -83
1520602459951,C20D3,38:90:a5:9d:0f:32,tudelft-dastud, -62
1520602459951,C20D3,50:0f:80:d8:f4:2d,tudelft-dastud, -80
1520602459951,C20D3,50:0f:80:e3:79:61,TUvisitor, -71
1520602459951,C20D3,38:90:a5:9d:0f:3d,tudelft-dastud, -54
1520602459951,C20D3,38:90:a5:8f:e7:d0,eduroam, -62
1520602459951,C20D3,50:0f:80:d8:f4:2e,TUvisitor, -79
1520602459951,C20D3,50:0f:80:d8:f4:2f,eduroam, -80
1520602459951,C20D3,38:90:a5:8f:e7:0d,tudelft-dastud, -87
1520602459951,C20D3,50:0f:80:e3:74:21,TUvisitor, -76
1520602429954,C20D3,50:0f:80:fd:7f:52,tudelft-dastud, -65
1520602429954,C20D3,38:90:a5:8f:e7:d1,TUvisitor, -64
1520602429954,C20D3,38:90:a5:9d:0f:30,eduroam, -57
1520602429954,C20D3,38:90:a5:8f:e7:0e,TUvisitor, -84
1520602429954,C20D3,38:90:a5:8f:e7:0f,eduroam, -86
1520602429954,C20D3,50:0f:80:fd:7f:5d,tudelft-dastud, -63
1520602429954,C20D3,38:90:a5:8f:e7:df,eduroam, -82
1520602429954,C20D3,50:0f:80:fd:7f:50,eduroam, -65
1520602429954,C20D3,50:0f:80:e3:79:6d,tudelft-dastud, -83
1520602429954,C20D3,50:0f:80:e3:79:6f,eduroam, -82
1520602429954,C20D3,50:0f:80:fd:7f:5e,TUvisitor, -62
1520602429954,C20D3,e0:3f:49:09:d9:9c,TRIBLER, -92
1520602429954,C20D3,38:90:a5:9d:0f:31,TUvisitor, -57
1520602429954,C20D3,50:0f:80:fd:7f:5f,eduroam, -62
1520602429954,C20D3,50:0f:80:fd:7f:51,TUvisitor, -65
1520602429954,C20D3,38:90:a5:9d:0f:32,tudelft-dastud, -57
1520602429954,C20D3,38:90:a5:8c:44:12,tudelft-dastud, -79
1520602429954,C20D3,38:90:a5:9d:0f:3d,tudelft-dastud, -53
1520602429954,C20D3,50:0f:80:e3:79:60,eduroam, -71
1520602429954,C20D3,50:0f:80:d8:f4:2e,TUvisitor, -80
1520602429954,C20D3,50:0f:80:e3:74:20,eduroam, -76
1520602429954,C20D3,50:0f:80:d8:f4:2f,eduroam, -79
1520602429954,C20D3,38:90:a5:8f:e7:dd,tudelft-dastud, -83
1520602429954,C20D3,50:0f:80:e3:74:2f,eduroam, -71
1520602429954,C20D3,38:90:a5:8f:e7:de,TUvisitor, -82
1520602429954,C20D3,38:90:a5:9d:0f:3f,eduroam, -53
1520602429954,C20D3,50:0f:80:d8:f4:21,TUvisitor, -77
1520602429954,C20D3,50:0f:80:e3:74:2d,tudelft-dastud, -71
1520602429954,C20D3,38:90:a5:91:74:1e,TUvisitor, -86
1520602429954,C20D3,38:90:a5:9d:0f:3e,TUvisitor, -54
1520602429954,C20D3,50:0f:80:e3:74:2e,TUvisitor, -71
1520602429954,C20D3,50:0f:80:e3:79:6e,TUvisitor, -82
1520602429954,C20D3,38:90:a5:91:74:12,tudelft-dastud, -77
1520602429954,C20D3,50:0f:80:d8:f4:2d,tudelft-dastud, -79
1520602429954,C20D3,50:0f:80:e3:79:61,TUvisitor, -71
1520602429954,C20D3,38:90:a5:8f:e7:d0,eduroam, -64
1520602429954,C20D3,38:90:a5:8f:e7:0d,tudelft-dastud, -84
1522852242005,C19D3,50:0f:80:fd:7f:52,tudelft-dastud, -63
1522852242005,C19D3,38:90:a5:91:7f:8d,tudelft-dastud, -91
1522852242005,C19D3,50:0f:80:c4:5f:6d,tudelft-dastud, -90
1522852242005,C19D3,38:90:a5:91:74:1f,eduroam, -84
1522852242005,C19D3,38:90:a5:8f:e7:d1,TUvisitor, -70
1522852242005,C19D3,38:90:a5:8f:e7:dd,tudelft-dastud, -79
1522852242005,C19D3,50:0f:80:c4:5f:6e,TUvisitor, -91
1522852242005,C19D3,50:0f:80:e3:74:2f,eduroam, -75
1522852242005,C19D3,38:90:a5:9d:0f:30,eduroam, -49
1522852242005,C19D3,38:90:a5:8f:e7:0e,TUvisitor, -84
1522852242005,C19D3,38:90:a5:8f:e7:0f,eduroam, -84
1522852242005,C19D3,38:90:a5:8f:e7:de,TUvisitor, -79
1522852242005,C19D3,38:90:a5:91:7f:8f,eduroam, -88
1522852242005,C19D3,38:90:a5:00:09:41,TUvisitor, -77
1522852242005,C19D3,38:90:a5:9d:0f:3f,eduroam, -51
1522852242005,C19D3,50:0f:80:fd:7f:50,eduroam, -64
1522852242005,C19D3,50:0f:80:e3:79:62,tudelft-dastud, -70
1522852242005,C19D3,50:0f:80:d8:f4:21,TUvisitor, -79
1522852242005,C19D3,50:0f:80:e3:74:2d,tudelft-dastud, -75
1522852242005,C19D3,38:90:a5:91:74:1d,tudelft-dastud, -83
1522852242005,C19D3,38:90:a5:91:74:1e,TUvisitor, -85
1522852242005,C19D3,50:0f:80:fd:7f:5e,TUvisitor, -60
1522852242005,C19D3,38:90:a5:9d:0f:3e,TUvisitor, -50
1522852242005,C19D3,50:0f:80:fd:7f:51,TUvisitor, -64
1522852242005,C19D3,50:0f:80:e3:74:2e,TUvisitor, -75
1522852242005,C19D3,50:0f:80:d8:f4:2d,tudelft-dastud, -78
1522852242005,C19D3,50:0f:80:e3:79:61,TUvisitor, -70
1522852242005,C19D3,38:90:a5:9d:0f:3d,tudelft-dastud, -50
1522852242005,C19D3,38:90:a5:8f:e7:d0,eduroam, -71
1522852242005,C19D3,50:0f:80:d8:f4:2e,TUvisitor, -79
1522852242005,C19D3,50:0f:80:d8:f4:2f,eduroam, -79
1522852242005,C19D3,38:90:a5:8f:e7:0d,tudelft-dastud, -86
1522852242005,C19D3,50:0f:80:e3:74:21,TUvisitor, -70
1522852272020,C19D3,50:0f:80:fd:7f:52,tudelft-dastud, -61
1522852272020,C19D3,38:90:a5:91:7f:8d,tudelft-dastud, -91
1522852272020,C19D3,38:90:a5:8f:e7:d1,TUvisitor, -74
1522852272020,C19D3,50:0f:80:e3:74:2f,eduroam, -76
1522852272020,C19D3,38:90:a5:9d:0f:30,eduroam, -50
1522852272020,C19D3,38:90:a5:8f:e7:0e,TUvisitor, -87
1522852272020,C19D3,38:90:a5:37:42:d1,TUvisitor, -76
1522852272020,C19D3,38:90:a5:37:40:8f,eduroam, -91
1522852272020,C19D3,38:90:a5:8f:e7:0f,eduroam, -87
1522852272020,C19D3,38:90:a5:8f:e7:de,TUvisitor, -76
1522852272020,C19D3,50:0f:80:fd:7f:5d,tudelft-dastud, -59
1522852272020,C19D3,38:90:a5:00:09:41,TUvisitor, -76
1522852272020,C19D3,50:0f:80:e3:74:22,tudelft-dastud, -70
1522852272020,C19D3,38:90:a5:9d:0f:3f,eduroam, -55
1522852272020,C19D3,50:0f:80:fd:7f:50,eduroam, -61
1522852272020,C19D3,50:0f:80:e3:79:62,tudelft-dastud, -73
1522852272020,C19D3,50:0f:80:e3:74:2d,tudelft-dastud, -75
1522852272020,C19D3,38:90:a5:91:74:1e,TUvisitor, -88
1522852272020,C19D3,50:0f:80:fd:7f:5e,TUvisitor, -58
1522852272020,C19D3,e0:3f:49:09:d9:9c,TRIBLER, -93
1522852272020,C19D3,38:90:a5:9d:0f:3e,TUvisitor, -55
1522852272020,C19D3,38:90:a5:9d:0f:31,TUvisitor, -58
1522852272020,C19D3,50:0f:80:fd:7f:5f,eduroam, -57
1522852272020,C19D3,50:0f:80:fd:7f:51,TUvisitor, -61
1522852272020,C19D3,50:0f:80:e3:74:2e,TUvisitor, -75
1522852272020,C19D3,50:0f:80:e3:79:6e,TUvisitor, -83
1522852272020,C19D3,38:90:a5:9d:0f:32,tudelft-dastud, -53
1522852272020,C19D3,50:0f:80:d8:f4:2d,tudelft-dastud, -84
1522852272020,C19D3,50:0f:80:e3:79:61,TUvisitor, -73
1522852272020,C19D3,38:90:a5:9d:0f:3d,tudelft-dastud, -54
1522852272020,C19D3,38:90:a5:00:09:42,tudelft-dastud, -76
1522852272020,C19D3,38:90:a5:8f:e7:d0,eduroam, -74
1522852272020,C19D3,50:0f:80:d8:f4:2e,TUvisitor, -81
1522852272020,C19D3,50:0f:80:e3:74:20,eduroam, -69
1522852272020,C19D3,50:0f:80:d8:f4:2f,eduroam, -83
1522852272020,C19D3,38:90:a5:8f:e7:0d,tudelft-dastud, -87
1522852272020,C19D3,50:0f:80:e3:74:21,TUvisitor, -70
1522852237004,C19D3,50:0f:80:fd:7f:52,tudelft-dastud, -62
1522852237004,C19D3,38:90:a5:91:7f:8d,tudelft-dastud, -88
1522852237004,C19D3,38:90:a5:91:74:1f,eduroam, -86
1522852237004,C19D3,38:90:a5:8f:e7:d1,TUvisitor, -71
1522852237004,C19D3,38:90:a5:8f:e7:dd,tudelft-dastud, -77
1522852237004,C19D3,50:0f:80:e3:74:2f,eduroam, -78
1522852237004,C19D3,38:90:a5:9d:0f:30,eduroam, -54
1522852237004,C19D3,38:90:a5:8f:e7:0e,TUvisitor, -82
1522852237004,C19D3,38:90:a5:8f:e7:0f,eduroam, -82
1522852237004,C19D3,50:0f:80:fd:7f:5d,tudelft-dastud, -62
1522852237004,C19D3,38:90:a5:00:09:41,TUvisitor, -76
1522852237004,C19D3,38:90:a5:8f:e7:df,eduroam, -78
1522852237004,C19D3,50:0f:80:e3:74:22,tudelft-dastud, -69
1522852237004,C19D3,38:90:a5:9d:0f:3f,eduroam, -54
1522852237004,C19D3,50:0f:80:fd:7f:50,eduroam, -62
1522852237004,C19D3,50:0f:80:e3:79:62,tudelft-dastud, -70
1522852237004,C19D3,50:0f:80:e3:74:2d,tudelft-dastud, -77
1522852237004,C19D3,38:90:a5:91:74:1e,TUvisitor, -84
1522852237004,C19D3,50:0f:80:fd:7f:5e,TUvisitor, -62
1522852237004,C19D3,e0:3f:49:09:d9:9c,TRIBLER, -93
1522852237004,C19D3,38:90:a5:9d:0f:31,TUvisitor, -48
1522852237004,C19D3,38:90:a5:9d:0f:3e,TUvisitor, -53
1522852237004,C19D3,50:0f:80:fd:7f:5f,eduroam, -62
1522852237004,C19D3,50:0f:80:fd:7f:51,TUvisitor, -62
1522852237004,C19D3,50:0f:80:e3:74:2e,TUvisitor, -78
1522852237004,C19D3,50:0f:80:e3:79:6e,TUvisitor, -81
1522852237004,C19D3,38:90:a5:9d:0f:32,tudelft-dastud, -48
1522852237004,C19D3,50:0f:80:d8:f4:2d,tudelft-dastud, -77
1522852237004,C19D3,50:0f:80:e3:79:61,TUvisitor, -71
1522852237004,C19D3,38:90:a5:9d:0f:3d,tudelft-dastud, -52
1522852237004,C19D3,50:0f:80:e3:79:60,eduroam, -71
1522852237004,C19D3,38:90:a5:00:09:42,tudelft-dastud, -76
1522852237004,C19D3,50:0f:80:d8:f4:2e,TUvisitor, -77
1522852237004,C19D3,50:0f:80:d8:f1:8f,eduroam, -90
1522852237004,C19D3,50:0f:80:e3:74:20,eduroam, -68
1522852237004,C19D3,50:0f:80:d8:f4:2f,eduroam, -77
1522852237004,C19D3,38:90:a5:8f:e7:0d,tudelft-dastud, -81
1522852237004,C19D3,50:0f:80:e3:74:21,TUvisitor, -69
1522852257006,C19D3,50:0f:80:fd:7f:52,tudelft-dastud, -65
1522852257006,C19D3,38:90:a5:91:7f:8d,tudelft-dastud, -90
1522852257006,C19D3,38:90:a5:8f:e7:d1,TUvisitor, -75
1522852257006,C19D3,38:90:a5:8f:e7:dd,tudelft-dastud, -79
1522852257006,C19D3,50:0f:80:e3:74:2f,eduroam, -76
1522852257006,C19D3,38:90:a5:9d:0f:30,eduroam, -52
1522852257006,C19D3,38:90:a5:8f:e7:0e,TUvisitor, -83
1522852257006,C19D3,38:90:a5:8f:e7:0f,eduroam, -83
1522852257006,C19D3,50:0f:80:fd:7f:5d,tudelft-dastud, -62
1522852257006,C19D3,38:90:a5:00:09:41,TUvisitor, -76
1522852257006,C19D3,38:90:a5:8f:e7:df,eduroam, -79
1522852257006,C19D3,50:0f:80:e3:74:22,tudelft-dastud, -70
1522852257006,C19D3,38:90:a5:9d:0f:3f,eduroam, -57
1522852257006,C19D3,50:0f:80:fd:7f:50,eduroam, -65
1522852257006,C19D3,50:0f:80:e3:79:6d,tudelft-dastud, -88
1522852257006,C19D3,50:0f:80:e3:74:2d,tudelft-dastud, -74
1522852257006,C19D3,38:90:a5:91:74:1e,TUvisitor, -84
1522852257006,C19D3,50:0f:80:fd:7f:5e,TUvisitor, -61
1522852257006,C19D3,e0:3f:49:09:d9:9c,TRIBLER, -94
1522852257006,C19D3,38:90:a5:9d:0f:31,TUvisitor, -50
1522852257006,C19D3,38:90:a5:9d:0f:3e,TUvisitor, -56
1522852257006,C19D3,50:0f:80:fd:7f:5f,eduroam, -62
1522852257006,C19D3,50:0f:80:fd:7f:51,TUvisitor, -65
1522852257006,C19D3,50:0f:80:e3:74:2e,TUvisitor, -74
1522852257006,C19D3,50:0f:80:e3:79:6e,TUvisitor, -85
1522852257006,C19D3,38:90:a5:9d:0f:32,tudelft-dastud, -49
1522852257006,C19D3,50:0f:80:e3:79:61,TUvisitor, -73
1522852257006,C19D3,38:90:a5:91:7f:8e,TUvisitor, -90
1522852257006,C19D3,38:90:a5:9d:0f:3d,tudelft-dastud, -56
1522852257006,C19D3,38:90:a5:8f:e7:d0,eduroam, -74
1522852257006,C19D3,50:0f:80:d8:f4:2e,TUvisitor, -76
1522852257006,C19D3,50:0f:80:d8:f1:8f,eduroam, -91
1522852257006,C19D3,50:0f:80:d8:f4:2f,eduroam, -76
1522852257006,C19D3,38:90:a5:8f:e7:0d,tudelft-dastud, -82
1522852247007,C19D3,50:0f:80:fd:7f:52,tudelft-dastud, -61
1522852247007,C19D3,38:90:a5:91:74:1f,eduroam, -85
1522852247007,C19D3,38:90:a5:8f:e7:d1,TUvisitor, -68
1522852247007,C19D3,38:90:a5:8f:e7:dd,tudelft-dastud, -79
1522852247007,C19D3,50:0f:80:e3:74:2f,eduroam, -76
1522852247007,C19D3,38:90:a5:9d:0f:30,eduroam, -50
1522852247007,C19D3,38:90:a5:8f:e7:0e,TUvisitor, -81
1522852247007,C19D3,38:90:a5:00:09:40,eduroam, -75
1522852247007,C19D3,38:90:a5:8f:e7:0f,eduroam, -81
1522852247007,C19D3,38:90:a5:8f:e7:de,TUvisitor, -79
1522852247007,C19D3,50:0f:80:fd:7f:5d,tudelft-dastud, -57
1522852247007,C19D3,38:90:a5:00:09:41,TUvisitor, -74
1522852247007,C19D3,38:90:a5:8f:e7:df,eduroam, -79
1522852247007,C19D3,38:90:a5:8f:e7:d2,tudelft-dastud, -68
1522852247007,C19D3,38:90:a5:9d:0f:3f,eduroam, -50
1522852247007,C19D3,50:0f:80:fd:7f:50,eduroam, -62
1522852247007,C19D3,50:0f:80:e3:79:62,tudelft-dastud, -72
1522852247007,C19D3,50:0f:80:d8:f4:21,TUvisitor, -75
1522852247007,C19D3,50:0f:80:e3:74:2d,tudelft-dastud, -74
1522852247007,C19D3,38:90:a5:91:74:1d,tudelft-dastud, -84
1522852247007,C19D3,38:90:a5:91:74:1e,TUvisitor, -84
1522852247007,C19D3,50:0f:80:e3:79:6f,eduroam, -85
1522852247007,C19D3,50:0f:80:fd:7f:5e,TUvisitor, -57
1522852247007,C19D3,38:90:a5:9d:0f:31,TUvisitor, -47
1522852247007,C19D3,38:90:a5:9d:0f:3e,TUvisitor, -50
1522852247007,C19D3,50:0f:80:fd:7f:5f,eduroam, -58
1522852247007,C19D3,50:0f:80:fd:7f:51,TUvisitor, -62
1522852247007,C19D3,50:0f:80:e3:74:2e,TUvisitor, -75
1522852247007,C19D3,50:0f:80:e3:79:6e,TUvisitor, -86
1522852247007,C19D3,38:90:a5:9d:0f:32,tudelft-dastud, -47
1522852247007,C19D3,50:0f:80:d8:f4:2d,tudelft-dastud, -80
1522852247007,C19D3,50:0f:80:e3:79:61,TUvisitor, -72
1522852247007,C19D3,38:90:a5:37:40:82,tudelft-dastud, -81
1522852247007,C19D3,38:90:a5:9d:0f:3d,tudelft-dastud, -49
1522852247007,C19D3,50:0f:80:e3:79:60,eduroam, -72
1522852247007,C19D3,38:90:a5:00:09:42,tudelft-dastud, -76
1522852247007,C19D3,38:90:a5:37:40:81,TUvisitor, -81
1522852247007,C19D3,50:0f:80:d8:f4:2e,TUvisitor, -80
1522852247007,C19D3,50:0f:80:d8:f4:22,tudelft-dastud, -75
1522852247007,C19D3,38:90:a5:8f:e7:0d,tudelft-dastud, -81
1522852252007,C19D3,38:90:a5:37:42:d0,eduroam, -80
1522852252007,C19D3,50:0f:80:fd:7f:52,tudelft-dastud, -63
1522852252007,C19D3,38:90:a5:8f:e7:d1,TUvisitor, -68
1522852252007,C19D3,50:0f:80:e3:74:2f,eduroam, -75
1522852252007,C19D3,38:90:a5:9d:0f:30,eduroam, -48
1522852252007,C19D3,38:90:a5:8f:e7:0e,TUvisitor, -83
1522852252007,C19D3,38:90:a5:00:09:40,eduroam, -75
1522852252007,C19D3,38:90:a5:8f:e7:0f,eduroam, -83
1522852252007,C19D3,50:0f:80:fd:7f:5d,tudelft-dastud, -61
1522852252007,C19D3,38:90:a5:00:09:41,TUvisitor, -76
1522852252007,C19D3,38:90:a5:8f:e7:df,eduroam, -80
1522852252007,C19D3,38:90:a5:8f:e7:d2,tudelft-dastud, -67
1522852252007,C19D3,50:0f:80:e3:74:22,tudelft-dastud, -71
1522852252007,C19D3,38:90:a5:9d:0f:3f,eduroam, -53
1522852252007,C19D3,50:0f:80:fd:7f:50,eduroam, -63
1522852252007,C19D3,50:0f:80:e3:79:62,tudelft-dastud, -71
1522852252007,C19D3,50:0f:80:e3:79:6d,tudelft-dastud, -81
1522852252007,C19D3,50:0f:80:d8:f4:21,TUvisitor, -77
1522852252007,C19D3,50:0f:80:e3:74:2d,tudelft-dastud, -75
1522852252007,C19D3,38:90:a5:91:74:1d,tudelft-dastud, -85
1522852252007,C19D3,50:0f:80:fd:7f:5e,TUvisitor, -62
1522852252007,C19D3,e0:3f:49:09:d9:9c,TRIBLER, -91
1522852252007,C19D3,38:90:a5:9d:0f:31,TUvisitor, -48
1522852252007,C19D3,50:0f:80:fd:7f:5f,eduroam, -61
1522852252007,C19D3,50:0f:80:fd:7f:51,TUvisitor, -63
1522852252007,C19D3,50:0f:80:e3:74:2e,TUvisitor, -75
1522852252007,C19D3,50:0f:80:e3:79:6e,TUvisitor, -80
1522852252007,C19D3,38:90:a5:9d:0f:32,tudelft-dastud, -48
1522852252007,C19D3,e0:3f:49:09:d9:98,TRIBLER, -86
1522852252007,C19D3,50:0f:80:d8:f4:2d,tudelft-dastud, -80
1522852252007,C19D3,50:0f:80:e3:79:61,TUvisitor, -70
1522852252007,C19D3,38:90:a5:91:7f:8e,TUvisitor, -92
1522852252007,C19D3,50:0f:80:e3:79:60,eduroam, -71
1522852252007,C19D3,38:90:a5:00:09:42,tudelft-dastud, -76
1522852252007,C19D3,38:90:a5:8f:e7:d0,eduroam, -68
1522852252007,C19D3,50:0f:80:e3:74:20,eduroam, -71
1522852252007,C19D3,50:0f:80:d8:f4:22,tudelft-dastud, -77
1522852252007,C19D3,38:90:a5:8f:e7:0d,tudelft-dastud, -83
1522852252007,C19D3,50:0f:80:e3:74:21,TUvisitor, -71
1522852267006,C19D3,50:0f:80:fd:7f:52,tudelft-dastud, -63
1522852267006,C19D3,38:90:a5:8f:e7:d1,TUvisitor, -70
1522852267006,C19D3,50:0f:80:e3:74:2f,eduroam, -74
1522852267006,C19D3,38:90:a5:9d:0f:30,eduroam, -53
1522852267006,C19D3,38:90:a5:8f:e7:0e,TUvisitor, -86
1522852267006,C19D3,38:90:a5:8f:e7:0f,eduroam, -87
1522852267006,C19D3,38:90:a5:8f:e7:de,TUvisitor, -80
1522852267006,C19D3,50:0f:80:fd:7f:5d,tudelft-dastud, -60
1522852267006,C19D3,38:90:a5:8f:e7:df,eduroam, -79
1522852267006,C19D3,38:90:a5:8f:e7:d2,tudelft-dastud, -70
1522852267006,C19D3,50:0f:80:e3:74:22,tudelft-dastud, -72
1522852267006,C19D3,38:90:a5:9d:0f:3f,eduroam, -54
1522852267006,C19D3,50:0f:80:fd:7f:50,eduroam, -62
1522852267006,C19D3,50:0f:80:e3:79:62,tudelft-dastud, -71
1522852267006,C19D3,50:0f:80:d8:f4:21,TUvisitor, -76
1522852267006,C19D3,50:0f:80:e3:74:2d,tudelft-dastud, -74
1522852267006,C19D3,50:0f:80:e3:79:6f,eduroam, -82
1522852267006,C19D3,38:90:a5:91:74:1d,tudelft-dastud, -83
1522852267006,C19D3,38:90:a5:91:74:1e,TUvisitor, -83
1522852267006,C19D3,50:0f:80:fd:7f:5e,TUvisitor, -59
1522852267006,C19D3,e0:3f:49:09:d9:9c,TRIBLER, -93
1522852267006,C19D3,38:90:a5:9d:0f:31,TUvisitor, -52
1522852267006,C19D3,38:90:a5:9d:0f:3e,TUvisitor, -54
1522852267006,C19D3,50:0f:80:fd:7f:5f,eduroam, -60
1522852267006,C19D3,50:0f:80:fd:7f:51,TUvisitor, -63
1522852267006,C19D3,50:0f:80:e3:74:2e,TUvisitor, -74
1522852267006,C19D3,38:90:a5:9d:0f:32,tudelft-dastud, -52
1522852267006,C19D3,50:0f:80:d8:f4:2d,tudelft-dastud, -77
1522852267006,C19D3,50:0f:80:e3:79:61,TUvisitor, -70
1522852267006,C19D3,38:90:a5:9d:0f:3d,tudelft-dastud, -54
1522852267006,C19D3,50:0f:80:e3:79:60,eduroam, -70
1522852267006,C19D3,38:90:a5:8f:e7:d0,eduroam, -71
1522852267006,C19D3,50:0f:80:d8:f4:2e,TUvisitor, -75
1522852267006,C19D3,50:0f:80:d8:f1:8f,eduroam, -91
1522852267006,C19D3,50:0f:80:e3:74:20,eduroam, -72
1522852267006,C19D3,50:0f:80:d8:f4:2f,eduroam, -76
1522852267006,C19D3,50:0f:80:d8:f4:22,tudelft-dastud, -77
1522852267006,C19D3,38:90:a5:8f:e7:0d,tudelft-dastud, -86
1522852267006,C19D3,50:0f:80:e3:74:21,TUvisitor, -72
1522852277003,C19D3,38:90:a5:8f:e7:d1,TUvisitor, -70
1522852277003,C19D3,50:0f:80:e3:74:2f,eduroam, -75
1522852277003,C19D3,38:90:a5:9d:0f:30,eduroam, -51
1522852277003,C19D3,38:90:a5:8f:e7:0e,TUvisitor, -93
1522852277003,C19D3,38:90:a5:8f:e7:0f,eduroam, -83
1522852277003,C19D3,38:90:a5:8f:e7:de,TUvisitor, -78
1522852277003,C19D3,50:0f:80:fd:7f:5d,tudelft-dastud, -60
1522852277003,C19D3,38:90:a5:8f:e7:d2,tudelft-dastud, -70
1522852277003,C19D3,38:90:a5:9d:0f:3f,eduroam, -57
1522852277003,C19D3,50:0f:80:e3:79:6d,tudelft-dastud, -79
1522852277003,C19D3,50:0f:80:e3:74:2d,tudelft-dastud, -74
1522852277003,C19D3,38:90:a5:91:74:1d,tudelft-dastud, -85
1522852277003,C19D3,50:0f:80:fd:7f:5e,TUvisitor, -60
1522852277003,C19D3,e0:3f:49:09:d9:9c,TRIBLER, -91
1522852277003,C19D3,38:90:a5:9d:0f:31,TUvisitor, -51
1522852277003,C19D3,50:0f:80:fd:7f:5f,eduroam, -60
1522852277003,C19D3,50:0f:80:e3:74:2e,TUvisitor, -75
1522852277003,C19D3,38:90:a5:9d:0f:32,tudelft-dastud, -51
1522852277003,C19D3,e0:3f:49:09:d9:98,TRIBLER, -86
1522852277003,C19D3,50:0f:80:d8:f1:8d,tudelft-dastud, -91
1522852277003,C19D3,50:0f:80:d8:f4:2d,tudelft-dastud, -82
1522852277003,C19D3,38:90:a5:8f:e7:d0,eduroam, -70
1522852277003,C19D3,50:0f:80:d8:f4:2e,TUvisitor, -82
1522852277003,C19D3,50:0f:80:d8:f4:2f,eduroam, -82
1522852277003,C19D3,38:90:a5:8f:e7:0d,tudelft-dastud, -83
1522852277003,C19D3,50:0f:80:e3:74:20,eduroam, -83
1522852277003,C19D3,50:0f:80:e3:74:21,TUvisitor, -72
1522852232003,C19D3,50:0f:80:fd:7f:52,tudelft-dastud, -56
1522852232003,C19D3,38:90:a5:91:74:1f,eduroam, -85
1522852232003,C19D3,38:90:a5:8f:e7:d1,TUvisitor, -69
1522852232003,C19D3,38:90:a5:8f:e7:dd,tudelft-dastud, -79
1522852232003,C19D3,50:0f:80:e3:74:2f,eduroam, -76
1522852232003,C19D3,38:90:a5:9d:0f:30,eduroam, -50
1522852232003,C19D3,38:90:a5:8f:e7:0e,TUvisitor, -83
1522852232003,C19D3,38:90:a5:8f:e7:0f,eduroam, -82
1522852232003,C19D3,38:90:a5:8f:e7:de,TUvisitor, -79
1522852232003,C19D3,50:0f:80:fd:7f:5d,tudelft-dastud, -60
1522852232003,C19D3,38:90:a5:8f:e7:df,eduroam, -80
1522852232003,C19D3,38:90:a5:8f:e7:d2,tudelft-dastud, -68
1522852232003,C19D3,38:90:a5:9d:0f:3f,eduroam, -52
1522852232003,C19D3,50:0f:80:fd:7f:50,eduroam, -56
1522852232003,C19D3,50:0f:80:e3:79:62,tudelft-dastud, -72
1522852232003,C19D3,50:0f:80:e3:79:6d,tudelft-dastud, -85
1522852232003,C19D3,50:0f:80:e3:74:2d,tudelft-dastud, -75
1522852232003,C19D3,38:90:a5:91:74:1e,TUvisitor, -83
1522852232003,C19D3,38:90:a5:91:74:1d,tudelft-dastud, -84
1522852232003,C19D3,50:0f:80:fd:7f:5e,TUvisitor, -60
1522852232003,C19D3,38:90:a5:9d:11:11,TUvisitor, -80
1522852232003,C19D3,38:90:a5:9d:0f:3e,TUvisitor, -52
1522852232003,C19D3,38:90:a5:9d:0f:31,TUvisitor, -73
1522852232003,C19D3,50:0f:80:fd:7f:5f,eduroam, -60
1522852232003,C19D3,50:0f:80:fd:7f:51,TUvisitor, -56
1522852232003,C19D3,50:0f:80:e3:74:2e,TUvisitor, -75
1522852232003,C19D3,50:0f:80:e3:79:6e,TUvisitor, -86
1522852232003,C19D3,38:90:a5:9d:0f:32,tudelft-dastud, -45
1522852232003,C19D3,50:0f:80:d8:f4:2d,tudelft-dastud, -80
1522852232003,C19D3,50:0f:80:e3:79:61,TUvisitor, -72
1522852232003,C19D3,38:90:a5:91:7f:8e,TUvisitor, -89
1522852232003,C19D3,38:90:a5:9d:0f:3d,tudelft-dastud, -51
1522852232003,C19D3,50:0f:80:e3:79:60,eduroam, -72
1522852232003,C19D3,38:90:a5:8f:e7:d0,eduroam, -70
1522852232003,C19D3,50:0f:80:d8:f4:2e,TUvisitor, -79
1522852232003,C19D3,50:0f:80:d8:f4:2f,eduroam, -78
1522852232003,C19D3,38:90:a5:8f:e7:0d,tudelft-dastud, -84
1522852262005,C19D3,50:0f:80:fd:7f:52,tudelft-dastud, -62
1522852262005,C19D3,38:90:a5:91:7f:8d,tudelft-dastud, -90
1522852262005,C19D3,50:0f:80:e3:74:2f,eduroam, -74
1522852262005,C19D3,38:90:a5:9d:0f:30,eduroam, -52
1522852262005,C19D3,38:90:a5:8f:e7:0e,TUvisitor, -82
1522852262005,C19D3,38:90:a5:8f:e7:0f,eduroam, -83
1522852262005,C19D3,38:90:a5:8f:e7:de,TUvisitor, -82
1522852262005,C19D3,50:0f:80:fd:7f:5d,tudelft-dastud, -59
1522852262005,C19D3,38:90:a5:00:09:41,TUvisitor, -74
1522852262005,C19D3,38:90:a5:8f:e7:df,eduroam, -82
1522852262005,C19D3,38:90:a5:8f:e7:d2,tudelft-dastud, -70
1522852262005,C19D3,50:0f:80:e3:74:22,tudelft-dastud, -72
1522852262005,C19D3,38:90:a5:9d:0f:3f,eduroam, -52
1522852262005,C19D3,50:0f:80:fd:7f:50,eduroam, -62
1522852262005,C19D3,38:90:a5:9d:1b:3f,eduroam, -90
1522852262005,C19D3,50:0f:80:e3:79:62,tudelft-dastud, -68
1522852262005,C19D3,50:0f:80:e3:79:6d,tudelft-dastud, -83
1522852262005,C19D3,50:0f:80:e3:74:2d,tudelft-dastud, -74
1522852262005,C19D3,38:90:a5:91:74:1d,tudelft-dastud, -83
1522852262005,C19D3,38:90:a5:91:74:1e,TUvisitor, -83
1522852262005,C19D3,50:0f:80:e3:79:6f,eduroam, -83
1522852262005,C19D3,50:0f:80:fd:7f:5e,TUvisitor, -59
1522852262005,C19D3,e0:3f:49:09:d9:9c,TRIBLER, -93
1522852262005,C19D3,38:90:a5:9d:0f:31,TUvisitor, -52
1522852262005,C19D3,38:90:a5:9d:0f:3e,TUvisitor, -54
1522852262005,C19D3,50:0f:80:fd:7f:5f,eduroam, -60
1522852262005,C19D3,50:0f:80:fd:7f:51,TUvisitor, -62
1522852262005,C19D3,50:0f:80:e3:74:2e,TUvisitor, -74
1522852262005,C19D3,38:90:a5:9d:0f:32,tudelft-dastud, -52
1522852262005,C19D3,e0:3f:49:09:d9:98,TRIBLER, -87
1522852262005,C19D3,50:0f:80:d8:f1:8d,tudelft-dastud, -89
1522852262005,C19D3,50:0f:80:d8:f4:2d,tudelft-dastud, -80
1522852262005,C19D3,50:0f:80:e3:79:61,TUvisitor, -68
1522852262005,C19D3,38:90:a5:9d:0f:3d,tudelft-dastud, -54
1522852262005,C19D3,50:0f:80:e3:79:60,eduroam, -69
1522852262005,C19D3,38:90:a5:00:09:42,tudelft-dastud, -74
1522852262005,C19D3,38:90:a5:8f:e7:d0,eduroam, -70
1522852262005,C19D3,50:0f:80:d8:f4:2e,TUvisitor, -80
1522852262005,C19D3,50:0f:80:d8:f1:8f,eduroam, -89
1522852262005,C19D3,38:90:a5:8f:e7:0d,tudelft-dastud, -83
1522852462287,C19D3,50:0f:80:fd:7f:52,tudelft-dastud, -58
1522852462287,C19D3,50:0f:80:e3:74:2f,eduroam, -73
1522852462287,C19D3,38:90:a5:9d:0f:30,eduroam, -54
1522852462287,C19D3,38:90:a5:8f:e7:0e,TUvisitor, -83
1522852462287,C19D3,38:90:a5:8f:e7:0f,eduroam, -82
1522852462287,C19D3,50:0f:80:fd:7f:5d,tudelft-dastud, -58
1522852462287,C19D3,38:90:a5:00:09:41,TUvisitor, -77
1522852462287,C19D3,50:0f:80:e3:74:22,tudelft-dastud, -68
1522852462287,C19D3,38:90:a5:9d:0f:3f,eduroam, -55
1522852462287,C19D3,50:0f:80:fd:7f:50,eduroam, -58
1522852462287,C19D3,50:0f:80:e3:79:62,tudelft-dastud, -69
1522852462287,C19D3,50:0f:80:d8:f4:21,TUvisitor, -78
1522852462287,C19D3,50:0f:80:e3:74:2d,tudelft-dastud, -72
1522852462287,C19D3,50:0f:80:d8:f4:20,eduroam, -78
1522852462287,C19D3,38:90:a5:91:74:1d,tudelft-dastud, -87
1522852462287,C19D3,38:90:a5:91:74:1e,TUvisitor, -87
1522852462287,C19D3,50:0f:80:fd:7f:5e,TUvisitor, -58
1522852462287,C19D3,e0:3f:49:09:d9:9c,TRIBLER, -92
1522852462287,C19D3,38:90:a5:9d:0f:31,TUvisitor, -55
1522852462287,C19D3,38:90:a5:9d:0f:3e,TUvisitor, -56
1522852462287,C19D3,50:0f:80:fd:7f:5f,eduroam, -58
1522852462287,C19D3,50:0f:80:fd:7f:51,TUvisitor, -58
1522852462287,C19D3,50:0f:80:e3:74:2e,TUvisitor, -72
1522852462287,C19D3,50:0f:80:e3:79:6e,TUvisitor, -82
1522852462287,C19D3,38:90:a5:9d:0f:32,tudelft-dastud, -56
1522852462287,C19D3,e0:3f:49:09:d9:98,TRIBLER, -85
1522852462287,C19D3,50:0f:80:d8:f4:2d,tudelft-dastud, -76
1522852462287,C19D3,50:0f:80:e3:79:61,TUvisitor, -69
1522852462287,C19D3,38:90:a5:9d:0f:3d,tudelft-dastud, -56
1522852462287,C19D3,50:0f:80:e3:79:60,eduroam, -69
1522852462287,C19D3,50:0f:80:d8:f4:2e,TUvisitor, -77
1522852462287,C19D3,50:0f:80:e3:74:20,eduroam, -68
1522852462287,C19D3,50:0f:80:d8:f4:2f,eduroam, -77
1522852462287,C19D3,38:90:a5:8f:e7:0d,tudelft-dastud, -84
1522852462287,C19D3,50:0f:80:e3:74:21,TUvisitor, -68
1522852432275,C19D3,38:90:a5:9d:1b:3e,TUvisitor, -89
1522852432275,C19D3,50:0f:80:fd:7f:52,tudelft-dastud, -65
1522852432275,C19D3,38:90:a5:91:7f:8d,tudelft-dastud, -89
1522852432275,C19D3,38:90:a5:8f:e7:d1,TUvisitor, -67
1522852432275,C19D3,38:90:a5:8f:e7:dd,tudelft-dastud, -79
1522852432275,C19D3,50:0f:80:c4:5f:6e,TUvisitor, -91
1522852432275,C19D3,50:0f:80:e3:74:2f,eduroam, -74
1522852432275,C19D3,38:90:a5:9d:0f:30,eduroam, -51
1522852432275,C19D3,38:90:a5:8f:e7:0e,TUvisitor, -83
1522852432275,C19D3,38:90:a5:00:09:40,eduroam, -77
1522852432275,C19D3,38:90:a5:8f:e7:0f,eduroam, -82
1522852432275,C19D3,38:90:a5:8f:e7:de,TUvisitor, -77
1522852432275,C19D3,50:0f:80:fd:7f:5d,tudelft-dastud, -60
1522852432275,C19D3,38:90:a5:00:09:41,TUvisitor, -77
1522852432275,C19D3,38:90:a5:8f:e7:df,eduroam, -78
1522852432275,C19D3,38:90:a5:8f:e7:d2,tudelft-dastud, -67
1522852432275,C19D3,38:90:a5:9d:0f:3f,eduroam, -56
1522852432275,C19D3,50:0f:80:fd:7f:50,eduroam, -66
1522852432275,C19D3,50:0f:80:e3:79:62,tudelft-dastud, -68
1522852432275,C19D3,50:0f:80:d8:f4:21,TUvisitor, -76
1522852432275,C19D3,50:0f:80:e3:74:2d,tudelft-dastud, -74
1522852432275,C19D3,38:90:a5:91:74:1e,TUvisitor, -84
1522852432275,C19D3,38:90:a5:91:74:1d,tudelft-dastud, -86
1522852432275,C19D3,50:0f:80:fd:7f:5e,TUvisitor, -60
1522852432275,C19D3,e0:3f:49:09:d9:9c,TRIBLER, -91
1522852432275,C19D3,38:90:a5:9d:0f:31,TUvisitor, -55
1522852432275,C19D3,38:90:a5:9d:0f:3e,TUvisitor, -57
1522852432275,C19D3,50:0f:80:fd:7f:5f,eduroam, -61
1522852432275,C19D3,50:0f:80:fd:7f:51,TUvisitor, -66
1522852432275,C19D3,50:0f:80:e3:74:2e,TUvisitor, -74
1522852432275,C19D3,50:0f:80:e3:79:6e,TUvisitor, -83
1522852432275,C19D3,38:90:a5:9d:0f:32,tudelft-dastud, -55
1522852432275,C19D3,50:0f:80:d8:f4:2d,tudelft-dastud, -76
1522852432275,C19D3,50:0f:80:e3:79:61,TUvisitor, -67
1522852432275,C19D3,38:90:a5:00:01:52,tudelft-dastud, -81
1522852432275,C19D3,38:90:a5:9d:0f:3d,tudelft-dastud, -57
1522852432275,C19D3,50:0f:80:e3:79:60,eduroam, -68
1522852432275,C19D3,38:90:a5:00:09:42,tudelft-dastud, -77
1522852432275,C19D3,38:90:a5:8f:e7:d0,eduroam, -68
1522852432275,C19D3,50:0f:80:d8:f4:2e,TUvisitor, -76
1522852432275,C19D3,50:0f:80:d8:f4:2f,eduroam, -75
1522852432275,C19D3,38:90:a5:8f:e7:0d,tudelft-dastud, -82
1522852457296,C19D3,38:90:a5:91:74:1f,eduroam, -87
1522852457296,C19D3,38:90:a5:8f:e7:d1,TUvisitor, -71
1522852457296,C19D3,38:90:a5:8f:e7:02,tudelft-dastud, -78
1522852457296,C19D3,50:0f:80:e3:74:2f,eduroam, -73
1522852457296,C19D3,38:90:a5:8f:e7:00,eduroam, -79
1522852457296,C19D3,38:90:a5:9d:0f:30,eduroam, -54
1522852457296,C19D3,38:90:a5:8f:e7:0e,TUvisitor, -85
1522852457296,C19D3,50:0f:80:d8:f1:8e,TUvisitor, -91
1522852457296,C19D3,38:90:a5:00:09:40,eduroam, -78
1522852457296,C19D3,38:90:a5:8f:e7:0f,eduroam, -84
1522852457296,C19D3,38:90:a5:8f:e7:de,TUvisitor, -78
1522852457296,C19D3,50:0f:80:fd:7f:5d,tudelft-dastud, -61
1522852457296,C19D3,38:90:a5:00:09:41,TUvisitor, -78
1522852457296,C19D3,38:90:a5:9d:0f:3f,eduroam, -52
1522852457296,C19D3,38:90:a5:8f:e7:01,TUvisitor, -79
1522852457296,C19D3,50:0f:80:e3:79:62,tudelft-dastud, -69
1522852457296,C19D3,50:0f:80:e3:74:2d,tudelft-dastud, -73
1522852457296,C19D3,50:0f:80:e3:79:6f,eduroam, -83
1522852457296,C19D3,38:90:a5:91:74:1e,TUvisitor, -85
1522852457296,C19D3,50:0f:80:fd:7f:5e,TUvisitor, -61
1522852457296,C19D3,e0:3f:49:09:d9:9c,TRIBLER, -92
1522852457296,C19D3,38:90:a5:9d:0f:31,TUvisitor, -52
1522852457296,C19D3,38:90:a5:9d:0f:3e,TUvisitor, -53
1522852457296,C19D3,50:0f:80:fd:7f:5f,eduroam, -62
1522852457296,C19D3,50:0f:80:e3:74:2e,TUvisitor, -73
1522852457296,C19D3,50:0f:80:e3:79:6e,TUvisitor, -83
1522852457296,C19D3,38:90:a5:9d:0f:32,tudelft-dastud, -52
1522852457296,C19D3,50:0f:80:d8:f4:2d,tudelft-dastud, -78
1522852457296,C19D3,50:0f:80:e3:79:61,TUvisitor, -70
1522852457296,C19D3,38:90:a5:9d:0f:3d,tudelft-dastud, -53
1522852457296,C19D3,50:0f:80:d8:f4:2e,TUvisitor, -80
1522852457296,C19D3,50:0f:80:d8:f4:2f,eduroam, -79
1522852457296,C19D3,38:90:a5:8f:e7:0d,tudelft-dastud, -85
1522852457296,C19D3,50:0f:80:e3:74:21,TUvisitor, -69
1522852472286,C19D3,50:0f:80:fd:7f:52,tudelft-dastud, -61
1522852472286,C19D3,38:90:a5:8f:e7:d1,TUvisitor, -69
1522852472286,C19D3,38:90:a5:8f:e7:dd,tudelft-dastud, -78
1522852472286,C19D3,50:0f:80:e3:74:2f,eduroam, -76
1522852472286,C19D3,38:90:a5:9d:0f:30,eduroam, -55
1522852472286,C19D3,38:90:a5:8f:e7:0f,eduroam, -86
1522852472286,C19D3,50:0f:80:fd:7f:5d,tudelft-dastud, -57
1522852472286,C19D3,38:90:a5:8f:e7:df,eduroam, -78
1522852472286,C19D3,38:90:a5:00:09:41,TUvisitor, -79
1522852472286,C19D3,50:0f:80:e3:74:22,tudelft-dastud, -69
1522852472286,C19D3,38:90:a5:9d:0f:3f,eduroam, -52
1522852472286,C19D3,50:0f:80:fd:7f:50,eduroam, -60
1522852472286,C19D3,38:90:a5:9d:1b:3f,eduroam, -89
1522852472286,C19D3,50:0f:80:e3:79:62,tudelft-dastud, -68
1522852472286,C19D3,50:0f:80:e3:79:6d,tudelft-dastud, -87
1522852472286,C19D3,50:0f:80:e3:74:2d,tudelft-dastud, -76
1522852472286,C19D3,38:90:a5:91:74:1e,TUvisitor, -87
1522852472286,C19D3,50:0f:80:fd:7f:5e,TUvisitor, -57
1522852472286,C19D3,e0:3f:49:09:d9:9c,TRIBLER, -91
1522852472286,C19D3,38:90:a5:9d:0f:3e,TUvisitor, -53
1522852472286,C19D3,38:90:a5:9d:0f:31,TUvisitor, -53
1522852472286,C19D3,50:0f:80:fd:7f:5f,eduroam, -58
1522852472286,C19D3,50:0f:80:fd:7f:51,TUvisitor, -61
1522852472286,C19D3,50:0f:80:e3:74:2e,TUvisitor, -75
1522852472286,C19D3,50:0f:80:e3:79:6e,TUvisitor, -85
1522852472286,C19D3,38:90:a5:9d:0f:32,tudelft-dastud, -54
1522852472286,C19D3,50:0f:80:d8:f4:2d,tudelft-dastud, -79
1522852472286,C19D3,50:0f:80:e3:79:61,TUvisitor, -67
1522852472286,C19D3,38:90:a5:9d:1b:3d,tudelft-dastud, -89
1522852472286,C19D3,38:90:a5:9d:0f:3d,tudelft-dastud, -52
1522852472286,C19D3,50:0f:80:e3:79:60,eduroam, -68
1522852472286,C19D3,38:90:a5:00:09:42,tudelft-dastud, -79
1522852472286,C19D3,38:90:a5:8f:e7:d0,eduroam, -69
1522852472286,C19D3,50:0f:80:d8:f4:2e,TUvisitor, -78
1522852472286,C19D3,50:0f:80:e3:74:20,eduroam, -69
1522852472286,C19D3,50:0f:80:d8:f4:2f,eduroam, -78
1522852472286,C19D3,50:0f:80:e3:74:21,TUvisitor, -69
1522852427278,C19D3,50:0f:80:fd:7f:52,tudelft-dastud, -57
1522852427278,C19D3,38:90:a5:91:7f:8d,tudelft-dastud, -89
1522852427278,C19D3,38:90:a5:91:74:1f,eduroam, -84
1522852427278,C19D3,38:90:a5:8f:e7:d1,TUvisitor, -69
1522852427278,C19D3,38:90:a5:8f:e7:dd,tudelft-dastud, -76
1522852427278,C19D3,50:0f:80:e3:74:2f,eduroam, -73
1522852427278,C19D3,38:90:a5:9d:0f:30,eduroam, -54
1522852427278,C19D3,38:90:a5:8f:e7:0e,TUvisitor, -82
1522852427278,C19D3,38:90:a5:8f:e7:0f,eduroam, -82
1522852427278,C19D3,38:90:a5:91:7f:8f,eduroam, -90
1522852427278,C19D3,50:0f:80:fd:7f:5d,tudelft-dastud, -57
1522852427278,C19D3,38:90:a5:00:09:41,TUvisitor, -79
1522852427278,C19D3,38:90:a5:8f:e7:d2,tudelft-dastud, -69
1522852427278,C19D3,50:0f:80:e3:74:22,tudelft-dastud, -73
1522852427278,C19D3,38:90:a5:9d:0f:3f,eduroam, -55
1522852427278,C19D3,50:0f:80:fd:7f:50,eduroam, -57
1522852427278,C19D3,50:0f:80:e3:79:62,tudelft-dastud, -66
1522852427278,C19D3,50:0f:80:d8:f4:21,TUvisitor, -78
1522852427278,C19D3,50:0f:80:e3:74:2d,tudelft-dastud, -73
1522852427278,C19D3,38:90:a5:91:74:1e,TUvisitor, -85
1522852427278,C19D3,50:0f:80:fd:7f:5e,TUvisitor, -57
1522852427278,C19D3,38:90:a5:9d:0f:31,TUvisitor, -53
1522852427278,C19D3,38:90:a5:9d:0f:3e,TUvisitor, -57
1522852427278,C19D3,50:0f:80:fd:7f:5f,eduroam, -58
1522852427278,C19D3,50:0f:80:fd:7f:51,TUvisitor, -58
1522852427278,C19D3,50:0f:80:e3:74:2e,TUvisitor, -73
1522852427278,C19D3,50:0f:80:e3:79:6e,TUvisitor, -82
1522852427278,C19D3,38:90:a5:9d:0f:32,tudelft-dastud, -53
1522852427278,C19D3,50:0f:80:d8:f4:2d,tudelft-dastud, -78
1522852427278,C19D3,50:0f:80:e3:79:61,TUvisitor, -66
1522852427278,C19D3,38:90:a5:91:7f:8e,TUvisitor, -88
1522852427278,C19D3,38:90:a5:9d:0f:3d,tudelft-dastud, -56
1522852427278,C19D3,50:0f:80:e3:79:60,eduroam, -76
1522852427278,C19D3,50:0f:80:d8:f4:2e,TUvisitor, -78
1522852427278,C19D3,50:0f:80:d8:f4:2f,eduroam, -77
1522852427278,C19D3,50:0f:80:d8:f4:22,tudelft-dastud, -78
1522852427278,C19D3,38:90:a5:8f:e7:0d,tudelft-dastud, -84
1522852427278,C19D3,50:0f:80:e3:74:21,TUvisitor, -74
1522852437286,C19D3,38:90:a5:9d:1b:3e,TUvisitor, -88
1522852437286,C19D3,50:0f:80:fd:7f:52,tudelft-dastud, -64
1522852437286,C19D3,50:0f:80:fd:85:0f,eduroam, -91
1522852437286,C19D3,38:90:a5:91:74:1f,eduroam, -86
1522852437286,C19D3,38:90:a5:8f:e7:d1,TUvisitor, -71
1522852437286,C19D3,38:90:a5:8f:e7:dd,tudelft-dastud, -77
1522852437286,C19D3,50:0f:80:e3:74:2f,eduroam, -74
1522852437286,C19D3,38:90:a5:9d:0f:30,eduroam, -51
1522852437286,C19D3,38:90:a5:8f:e7:0e,TUvisitor, -86
1522852437286,C19D3,50:0f:80:fd:85:0d,tudelft-dastud, -88
1522852437286,C19D3,38:90:a5:8f:e7:0f,eduroam, -85
1522852437286,C19D3,38:90:a5:8f:e7:de,TUvisitor, -77
1522852437286,C19D3,50:0f:80:fd:7f:5d,tudelft-dastud, -61
1522852437286,C19D3,38:90:a5:00:09:41,TUvisitor, -75
1522852437286,C19D3,38:90:a5:8f:e7:df,eduroam, -79
1522852437286,C19D3,38:90:a5:8f:e7:d2,tudelft-dastud, -71
1522852437286,C19D3,38:90:a5:9d:0f:3f,eduroam, -54
1522852437286,C19D3,50:0f:80:fd:7f:50,eduroam, -78
1522852437286,C19D3,50:0f:80:e3:79:62,tudelft-dastud, -70
1522852437286,C19D3,50:0f:80:d8:f4:21,TUvisitor, -76
1522852437286,C19D3,50:0f:80:e3:74:2d,tudelft-dastud, -74
1522852437286,C19D3,50:0f:80:e3:79:6f,eduroam, -82
1522852437286,C19D3,38:90:a5:91:74:1d,tudelft-dastud, -83
1522852437286,C19D3,38:90:a5:91:74:1e,TUvisitor, -83
1522852437286,C19D3,50:0f:80:fd:7f:5e,TUvisitor, -61
1522852437286,C19D3,e0:3f:49:09:d9:9c,TRIBLER, -92
1522852437286,C19D3,38:90:a5:9d:0f:31,TUvisitor, -51
1522852437286,C19D3,38:90:a5:9d:0f:3e,TUvisitor, -55
1522852437286,C19D3,50:0f:80:fd:7f:5f,eduroam, -61
1522852437286,C19D3,50:0f:80:fd:7f:51,TUvisitor, -64
1522852437286,C19D3,50:0f:80:e3:74:2e,TUvisitor, -73
1522852437286,C19D3,50:0f:80:e3:79:6e,TUvisitor, -82
1522852437286,C19D3,38:90:a5:9d:0f:32,tudelft-dastud, -51
1522852437286,C19D3,50:0f:80:d8:f1:8d,tudelft-dastud, -90
1522852437286,C19D3,50:0f:80:d8:f4:2d,tudelft-dastud, -80
1522852437286,C19D3,50:0f:80:e3:79:61,TUvisitor, -69
1522852437286,C19D3,38:90:a5:9d:0f:3d,tudelft-dastud, -54
1522852437286,C19D3,50:0f:80:e3:79:60,eduroam, -69
1522852437286,C19D3,38:90:a5:8f:e7:d0,eduroam, -69
1522852437286,C19D3,50:0f:80:d8:f4:2e,TUvisitor, -80
1522852437286,C19D3,50:0f:80:d8:f4:2f,eduroam, -79
1522852437286,C19D3,38:90:a5:8f:e7:0d,tudelft-dastud, -85
1522852452287,C19D3,50:0f:80:fd:7f:52,tudelft-dastud, -63
1522852452287,C19D3,38:90:a5:8f:e7:d1,TUvisitor, -69
1522852452287,C19D3,50:0f:80:e3:74:2f,eduroam, -72
1522852452287,C19D3,38:90:a5:9d:0f:30,eduroam, -52
1522852452287,C19D3,38:90:a5:8f:e7:0e,TUvisitor, -83
1522852452287,C19D3,38:90:a5:8f:e7:0f,eduroam, -83
1522852452287,C19D3,38:90:a5:8f:e7:de,TUvisitor, -76
1522852452287,C19D3,50:0f:80:fd:7f:5d,tudelft-dastud, -58
1522852452287,C19D3,38:90:a5:00:09:41,TUvisitor, -76
1522852452287,C19D3,38:90:a5:8f:e7:df,eduroam, -77
1522852452287,C19D3,38:90:a5:8f:e7:d2,tudelft-dastud, -69
1522852452287,C19D3,50:0f:80:e3:74:22,tudelft-dastud, -71
1522852452287,C19D3,38:90:a5:9d:0f:3f,eduroam, -57
1522852452287,C19D3,50:0f:80:fd:7f:50,eduroam, -64
1522852452287,C19D3,50:0f:80:e3:79:62,tudelft-dastud, -69
1522852452287,C19D3,50:0f:80:e3:79:6d,tudelft-dastud, -85
1522852452287,C19D3,50:0f:80:e3:74:2d,tudelft-dastud, -71
1522852452287,C19D3,38:90:a5:91:74:1d,tudelft-dastud, -83
1522852452287,C19D3,38:90:a5:91:74:1e,TUvisitor, -85
1522852452287,C19D3,50:0f:80:fd:7f:5e,TUvisitor, -59
1522852452287,C19D3,e0:3f:49:09:d9:9c,TRIBLER, -92
1522852452287,C19D3,38:90:a5:9d:0f:31,TUvisitor, -55
1522852452287,C19D3,38:90:a5:9d:0f:3e,TUvisitor, -57
1522852452287,C19D3,50:0f:80:fd:7f:5f,eduroam, -59
1522852452287,C19D3,50:0f:80:fd:7f:51,TUvisitor, -63
1522852452287,C19D3,50:0f:80:e3:74:2e,TUvisitor, -71
1522852452287,C19D3,50:0f:80:e3:79:6e,TUvisitor, -85
1522852452287,C19D3,38:90:a5:9d:0f:32,tudelft-dastud, -55
1522852452287,C19D3,e0:3f:49:09:d9:98,TRIBLER, -86
1522852452287,C19D3,50:0f:80:d8:f4:2d,tudelft-dastud, -76
1522852452287,C19D3,50:0f:80:e3:79:61,TUvisitor, -69
1522852452287,C19D3,38:90:a5:9d:0f:3d,tudelft-dastud, -57
1522852452287,C19D3,50:0f:80:e3:79:60,eduroam, -69
1522852452287,C19D3,38:90:a5:00:09:42,tudelft-dastud, -75
1522852452287,C19D3,38:90:a5:8f:e7:d0,eduroam, -69
1522852452287,C19D3,50:0f:80:d8:f4:2e,TUvisitor, -76
1522852452287,C19D3,50:0f:80:e3:74:20,eduroam, -71
1522852452287,C19D3,50:0f:80:d8:f4:2f,eduroam, -76
1522852452287,C19D3,38:90:a5:8f:e7:0d,tudelft-dastud, -83
1522852452287,C19D3,50:0f:80:e3:74:21,TUvisitor, -71
1522852442284,C19D3,50:0f:80:fd:7f:52,tudelft-dastud, -63
1522852442284,C19D3,38:90:a5:8f:e7:d1,TUvisitor, -68
1522852442284,C19D3,50:0f:80:e3:74:2f,eduroam, -75
1522852442284,C19D3,38:90:a5:9d:0f:30,eduroam, -54
1522852442284,C19D3,38:90:a5:8f:e7:0e,TUvisitor, -84
1522852442284,C19D3,38:90:a5:8f:e7:0f,eduroam, -84
1522852442284,C19D3,38:90:a5:8f:e7:de,TUvisitor, -81
1522852442284,C19D3,50:0f:80:fd:7f:5d,tudelft-dastud, -58
1522852442284,C19D3,38:90:a5:00:09:41,TUvisitor, -79
1522852442284,C19D3,38:90:a5:8f:e7:df,eduroam, -81
1522852442284,C19D3,38:90:a5:8f:e7:d2,tudelft-dastud, -68
1522852442284,C19D3,50:0f:80:e3:74:22,tudelft-dastud, -70
1522852442284,C19D3,38:90:a5:9d:0f:3f,eduroam, -56
1522852442284,C19D3,50:0f:80:fd:7f:50,eduroam, -63
1522852442284,C19D3,50:0f:80:e3:79:62,tudelft-dastud, -69
1522852442284,C19D3,50:0f:80:d8:f4:21,TUvisitor, -74
1522852442284,C19D3,50:0f:80:e3:74:2d,tudelft-dastud, -73
1522852442284,C19D3,38:90:a5:91:74:1e,TUvisitor, -85
1522852442284,C19D3,50:0f:80:fd:7f:5e,TUvisitor, -59
1522852442284,C19D3,38:90:a5:9d:0f:3e,TUvisitor, -55
1522852442284,C19D3,50:0f:80:fd:7f:5f,eduroam, -58
1522852442284,C19D3,50:0f:80:fd:7f:51,TUvisitor, -63
1522852442284,C19D3,50:0f:80:e3:74:2e,TUvisitor, -74
1522852442284,C19D3,50:0f:80:e3:79:6e,TUvisitor, -85
1522852442284,C19D3,e0:3f:49:09:d9:98,TRIBLER, -87
1522852442284,C19D3,50:0f:80:e3:79:61,TUvisitor, -77
1522852442284,C19D3,38:90:a5:9d:0f:3d,tudelft-dastud, -55
1522852442284,C19D3,50:0f:80:e3:79:60,eduroam, -69
1522852442284,C19D3,38:90:a5:00:09:42,tudelft-dastud, -78
1522852442284,C19D3,50:0f:80:d8:f4:2e,TUvisitor, -79
1522852442284,C19D3,50:0f:80:e3:74:20,eduroam, -71
1522852442284,C19D3,50:0f:80:d8:f4:22,tudelft-dastud, -74
1522852442284,C19D3,50:0f:80:d8:f4:2f,eduroam, -79
1522852442284,C19D3,38:90:a5:8f:e7:0d,tudelft-dastud, -84
1522852442284,C19D3,50:0f:80:e3:74:21,TUvisitor, -70
1522852447288,C19D3,50:0f:80:fd:7f:52,tudelft-dastud, -63
1522852447288,C19D3,38:90:a5:91:74:1f,eduroam, -86
1522852447288,C19D3,38:90:a5:8f:e7:d1,TUvisitor, -70
1522852447288,C19D3,38:90:a5:8f:e7:02,tudelft-dastud, -78
1522852447288,C19D3,38:90:a5:8f:e7:dd,tudelft-dastud, -81
1522852447288,C19D3,50:0f:80:e3:74:2f,eduroam, -73
1522852447288,C19D3,38:90:a5:8f:e7:00,eduroam, -78
1522852447288,C19D3,38:90:a5:9d:0f:30,eduroam, -54
1522852447288,C19D3,38:90:a5:8f:e7:0e,TUvisitor, -84
1522852447288,C19D3,38:90:a5:8f:e7:0f,eduroam, -83
1522852447288,C19D3,38:90:a5:8f:e7:de,TUvisitor, -81
1522852447288,C19D3,50:0f:80:fd:7f:5d,tudelft-dastud, -60
1522852447288,C19D3,38:90:a5:8f:e7:df,eduroam, -82
1522852447288,C19D3,38:90:a5:8f:e7:d2,tudelft-dastud, -68
1522852447288,C19D3,50:0f:80:e3:74:22,tudelft-dastud, -70
1522852447288,C19D3,38:90:a5:9d:0f:3f,eduroam, -56
1522852447288,C19D3,50:0f:80:fd:7f:50,eduroam, -63
1522852447288,C19D3,50:0f:80:e3:79:62,tudelft-dastud, -68
1522852447288,C19D3,50:0f:80:d8:f4:21,TUvisitor, -74
1522852447288,C19D3,50:0f:80:e3:74:2d,tudelft-dastud, -74
1522852447288,C19D3,50:0f:80:d8:f4:20,eduroam, -74
1522852447288,C19D3,38:90:a5:91:74:1d,tudelft-dastud, -84
1522852447288,C19D3,38:90:a5:91:74:1e,TUvisitor, -84
1522852447288,C19D3,50:0f:80:fd:7f:5e,TUvisitor, -60
1522852447288,C19D3,38:90:a5:9d:0f:31,TUvisitor, -53
1522852447288,C19D3,38:90:a5:9d:0f:3e,TUvisitor, -55
1522852447288,C19D3,50:0f:80:fd:7f:5f,eduroam, -61
1522852447288,C19D3,50:0f:80:fd:7f:51,TUvisitor, -66
1522852447288,C19D3,50:0f:80:e3:74:2e,TUvisitor, -73
1522852447288,C19D3,50:0f:80:e3:79:6e,TUvisitor, -86
1522852447288,C19D3,38:90:a5:9d:0f:32,tudelft-dastud, -53
1522852447288,C19D3,e0:3f:49:09:d9:98,TRIBLER, -86
1522852447288,C19D3,50:0f:80:d8:f4:2d,tudelft-dastud, -81
1522852447288,C19D3,50:0f:80:e3:79:61,TUvisitor, -67
1522852447288,C19D3,38:90:a5:9d:0f:3d,tudelft-dastud, -56
1522852447288,C19D3,38:90:a5:8f:e7:d0,eduroam, -68
1522852447288,C19D3,50:0f:80:d8:f4:2e,TUvisitor, -81
1522852447288,C19D3,50:0f:80:d8:f4:2f,eduroam, -82
1522852447288,C19D3,38:90:a5:8f:e7:0d,tudelft-dastud, -84
1522852467286,C19D3,50:0f:80:fd:7f:52,tudelft-dastud, -61
1522852467286,C19D3,38:90:a5:8f:e7:d1,TUvisitor, -69
1522852467286,C19D3,38:90:a5:8f:e7:dd,tudelft-dastud, -79
1522852467286,C19D3,50:0f:80:e3:74:2f,eduroam, -75
1522852467286,C19D3,38:90:a5:9d:0f:30,eduroam, -54
1522852467286,C19D3,38:90:a5:8f:e7:0e,TUvisitor, -85
1522852467286,C19D3,38:90:a5:37:42:d1,TUvisitor, -78
1522852467286,C19D3,38:90:a5:8f:e7:0f,eduroam, -85
1522852467286,C19D3,38:90:a5:8f:e7:de,TUvisitor, -78
1522852467286,C19D3,50:0f:80:fd:7f:5d,tudelft-dastud, -59
1522852467286,C19D3,38:90:a5:00:09:41,TUvisitor, -78
1522852467286,C19D3,38:90:a5:8f:e7:d2,tudelft-dastud, -68
1522852467286,C19D3,50:0f:80:e3:74:22,tudelft-dastud, -69
1522852467286,C19D3,38:90:a5:9d:0f:3f,eduroam, -52
1522852467286,C19D3,50:0f:80:fd:7f:50,eduroam, -61
1522852467286,C19D3,50:0f:80:e3:79:62,tudelft-dastud, -69
1522852467286,C19D3,50:0f:80:e3:79:6d,tudelft-dastud, -84
1522852467286,C19D3,50:0f:80:d8:f4:21,TUvisitor, -79
1522852467286,C19D3,50:0f:80:e3:74:2d,tudelft-dastud, -75
1522852467286,C19D3,38:90:a5:91:74:1d,tudelft-dastud, -88
1522852467286,C19D3,50:0f:80:fd:7f:5e,TUvisitor, -58
1522852467286,C19D3,e0:3f:49:09:d9:9c,TRIBLER, -90
1522852467286,C19D3,38:90:a5:9d:0f:3e,TUvisitor, -51
1522852467286,C19D3,38:90:a5:9d:0f:31,TUvisitor, -54
1522852467286,C19D3,50:0f:80:fd:7f:5f,eduroam, -59
1522852467286,C19D3,50:0f:80:fd:7f:51,TUvisitor, -61
1522852467286,C19D3,50:0f:80:e3:74:2e,TUvisitor, -75
1522852467286,C19D3,38:90:a5:9d:0f:32,tudelft-dastud, -55
1522852467286,C19D3,e0:3f:49:09:d9:98,TRIBLER, -86
1522852467286,C19D3,50:0f:80:d8:f4:2d,tudelft-dastud, -76
1522852467286,C19D3,50:0f:80:e3:79:61,TUvisitor, -70
1522852467286,C19D3,38:90:a5:91:7f:8e,TUvisitor, -92
1522852467286,C19D3,38:90:a5:9d:0f:3d,tudelft-dastud, -53
1522852467286,C19D3,50:0f:80:e3:79:60,eduroam, -70
1522852467286,C19D3,38:90:a5:8f:e7:d0,eduroam, -70
1522852467286,C19D3,50:0f:80:d8:f4:2e,TUvisitor, -76
1522852467286,C19D3,50:0f:80:e3:74:20,eduroam, -69
1522852467286,C19D3,50:0f:80:d8:f4:2f,eduroam, -75
1522852467286,C19D3,38:90:a5:8f:e7:0d,tudelft-dastud, -85
1522852467286,C19D3,50:0f:80:e3:74:21,TUvisitor, -69